{"cameraMode":{"drawMode":0,"name":"Shaded","section":"Shading Mode"},"sceneLighting":true,"audioPlay":false,"sceneViewState":{"showFog":true,"showMaterialUpdate":true,"showSkybox":false,"showFlares":true,"showImageEffects":true,"showParticleSystems":true},"in2DMode":false,"pivot":{"x":1251.5582275390625,"y":959.4007568359375,"z":55.21337890625},"rotation":{"x":-0.13028283417224885,"y":0.0481640100479126,"z":-0.006333420984447002,"w":-0.9902924299240112},"size":2903.28955078125,"orthographic":false}