{"cameraMode":{"drawMode":0,"name":"Shaded","section":"Shading Mode"},"sceneLighting":true,"audioPlay":false,"sceneViewState":{"showFog":true,"showMaterialUpdate":true,"showSkybox":false,"showFlares":true,"showImageEffects":true,"showParticleSystems":true},"in2DMode":false,"pivot":{"x":-0.32879459857940676,"y":-0.5370593070983887,"z":1.7426834106445313},"rotation":{"x":-0.4314862787723541,"y":-0.06297267228364945,"z":0.03021443821489811,"w":-0.8994175791740418},"size":7.071786880493164,"orthographic":false}