{"cameraMode":{"drawMode":0,"name":"Shaded","section":"Shading Mode"},"sceneLighting":true,"audioPlay":false,"sceneViewState":{"showFog":true,"showMaterialUpdate":true,"showSkybox":false,"showFlares":true,"showImageEffects":true,"showParticleSystems":true},"in2DMode":false,"pivot":{"x":0.17147982120513917,"y":-0.49772965908050539,"z":0.14071017503738404},"rotation":{"x":-0.3737788498401642,"y":0.6073892712593079,"z":-0.3895827829837799,"w":-0.5827516317367554},"size":3.5140814781188967,"orthographic":false}