{"cameraMode":{"drawMode":0,"name":"Shaded","section":"Shading Mode"},"sceneLighting":true,"audioPlay":false,"sceneViewState":{"showFog":true,"showMaterialUpdate":true,"showSkybox":false,"showFlares":true,"showImageEffects":true,"showParticleSystems":true},"in2DMode":false,"pivot":{"x":0.0,"y":1.1059999465942383,"z":-0.0001999884843826294},"rotation":{"x":-0.010076700709760189,"y":0.9884182214736939,"z":-0.07606960833072663,"w":-0.1309318095445633},"size":2.327859401702881,"orthographic":false}